<configuration>
    <property scope="context" name="LOG_PATTERN" value="[%-5p %d] [%t %c{10}] - %marker%m %n%xEx" />

    <springProperty scope="context" name="LOG_DIR" source="logging.file.path"/>
    <springProperty scope="context" name="LOG_LEVEL" source="logging.level.root"/>

    <appender name="STDOUT" class="ch.qos.logback.core.ConsoleAppender">
        <encoder>
            <pattern>%highlight(%-5level) -%logger - %marker%msg %n%xEx</pattern>
        </encoder>
    </appender>

    <appender name="file" class="ch.qos.logback.core.rolling.RollingFileAppender">
        <file>${LOG_DIR}/application.log</file>
        <rollingPolicy class="ch.qos.logback.core.rolling.SizeAndTimeBasedRollingPolicy">
            <fileNamePattern>${LOG_DIR}/application-%d{yyyy-MM-dd}.%i.log</fileNamePattern>
            <maxFileSize>10MB</maxFileSize>
            <maxHistory>10</maxHistory>
            <totalSizeCap>50MB</totalSizeCap>
        </rollingPolicy>
        <encoder>
            <pattern>${LOG_PATTERN}</pattern>
        </encoder>
    </appender>

    <appender name="async-file" class="ch.qos.logback.classic.AsyncAppender">
        <appender-ref ref="file"/>
    </appender>


    <appender name="error" class="ch.qos.logback.core.rolling.RollingFileAppender">
        <file>${LOG_DIR}/application.err.log</file>
        <rollingPolicy class="ch.qos.logback.core.rolling.SizeAndTimeBasedRollingPolicy">
            <fileNamePattern>${LOG_DIR}/application-%d{yyyy-MM-dd}.%i.err.log</fileNamePattern>
            <maxFileSize>10MB</maxFileSize>
            <maxHistory>10</maxHistory>
            <totalSizeCap>50MB</totalSizeCap>
        </rollingPolicy>
        <filter class="ch.qos.logback.classic.filter.ThresholdFilter">
            <level>ERROR</level>
        </filter>
        <encoder>
            <pattern>${LOG_PATTERN}</pattern>
        </encoder>
    </appender>
    <appender name="async-error" class="ch.qos.logback.classic.AsyncAppender">
        <appender-ref ref="error"/>
    </appender>

    <root level="${LOG_LEVEL}">
        <appender-ref ref="STDOUT"/>
        <appender-ref ref="async-file"/>
        <appender-ref ref="async-error"/>
    </root>
</configuration>